r_as,core_thruput
5.500000000000000028e-02,1.499999999999999944e-01
1.662500000000000089e-01,1.499999999999999944e-01
2.775000000000000244e-01,1.499999999999999944e-01
3.887499999999999845e-01,1.499999999999999944e-01
5.000000000000000000e-01,1.499999999999999944e-01
