r_as,core_contrast
5.500000000000000028e-02,1.000000000000000036e-10
1.662500000000000089e-01,1.000000000000000036e-10
2.775000000000000244e-01,1.000000000000000036e-10
3.887499999999999845e-01,1.000000000000000036e-10
5.000000000000000000e-01,1.000000000000000036e-10
