r_as,core_thruput
5.500000000000000028e-02,8.000000000000000167e-02
1.662500000000000089e-01,8.000000000000000167e-02
2.775000000000000244e-01,8.000000000000000167e-02
3.887499999999999845e-01,8.000000000000000167e-02
5.000000000000000000e-01,8.000000000000000167e-02
