low,mid, high ,high+
3.209999999999999964e+00,4.639999999999999680e+00,4.509999999999999787e+00,3.779999999999999805e+00,5.190000000000000391e+00,5.820000000000000284e+00,1.059999999999999964e+01,8.839999999999999858e+00,9.089999999999999858e+00,3.680000000000000160e+00,9.330000000000000071e+00,6.160000000000000142e+00,7.449999999999999956e-01
3.209999999999999964e+00,4.639999999999999680e+00,4.509999999999999787e+00,3.779999999999999805e+00,5.190000000000000391e+00,5.820000000000000284e+00,1.059999999999999964e+01,8.839999999999999858e+00,9.089999999999999858e+00,3.680000000000000160e+00,9.330000000000000071e+00,6.160000000000000142e+00,7.449999999999999956e-01
3.209999999999999964e+00,4.639999999999999680e+00,4.509999999999999787e+00,3.779999999999999805e+00,5.190000000000000391e+00,5.820000000000000284e+00,1.059999999999999964e+01,8.839999999999999858e+00,9.089999999999999858e+00,3.680000000000000160e+00,9.330000000000000071e+00,6.160000000000000142e+00,7.449999999999999956e-01
3.209999999999999964e+00,4.639999999999999680e+00,4.509999999999999787e+00,3.779999999999999805e+00,5.190000000000000391e+00,5.820000000000000284e+00,1.059999999999999964e+01,8.839999999999999858e+00,9.089999999999999858e+00,3.680000000000000160e+00,9.330000000000000071e+00,6.160000000000000142e+00,7.449999999999999956e-01
3.209999999999999964e+00,4.639999999999999680e+00,4.509999999999999787e+00,3.779999999999999805e+00,5.190000000000000391e+00,5.820000000000000284e+00,1.059999999999999964e+01,8.839999999999999858e+00,9.089999999999999858e+00,3.680000000000000160e+00,9.330000000000000071e+00,6.160000000000000142e+00,7.449999999999999956e-01